answer,label
"Да, я рассматриваю возможность остаться в компании надолго.",1
Пока не думал(а) об этом.,0
Планирую сменить работу в ближайшее время.,2
"Да, у меня долгосрочные планы в этой компании.",1
Все зависит от обстоятельств.,0
"Сложно сказать, пока не знаю.",0
"Вполне возможно, если все будет хорошо.",1
"Нет, я ищу другие варианты.",2
"Мне нравится моя работа, так что скорее да.",1
"Не могу сказать точно, время покажет.",0
У меня нет причин уходить из компании.,1
"Да, меня все устраивает.",1
Пока рано об этом говорить.,0
"Нет, я не вижу здесь своего будущего.",2
"Возможно, если будут предложены интересные проекты.",1
"Скорее нет, чем да.",2
"Я открыт(а) для предложений, но пока остаюсь здесь.",0
"Да, я доволен(льна) своей работой и компанией.",1
"Нет, я уже ищу новую работу.",2
Все зависит от зарплаты.,0
"Мне нравится коллектив, так что скорее да, чем нет.",1
"Пока не решил(а), но склоняюсь к ""нет"".",2
"Посмотрим, как будут развиваться события.",0
"Да, я вижу здесь перспективы для своего развития.",1
"Нет, меня не устраивают условия работы.",2
"Я бы остался(ась), если бы...",0
"Не уверен(а), что хочу работать здесь долго.",0
"Да, я лоялен(льна) к компании.",1
"Нет, я не вижу здесь возможностей для роста.",2
"Скорее всего, нет.",2
Пока не планирую уходить.,1
Все зависит от руководства.,0
"Да, я ценю стабильность.",1
"Нет, я хочу попробовать себя в чем-то новом.",2
"Возможно, если моя роль в компании изменится.",0
"Да, я доволен своей работой и не планирую уходить в ближайшее время.",1
"Я открыт для новых возможностей, но пока что меня все устраивает.",0
"Нет, я ищу новую работу.",2
"В целом, да, но есть некоторые моменты, которые меня беспокоят.",0
"Пока не могу сказать точно, все зависит от обстоятельств.",0
"Я бы с удовольствием остался, если бы мне предложили повышение зарплаты.",0
Конечно! Я очень лоялен к этой компании.,1
"У меня нет причин уходить, я счастлив здесь.",1
"Нет, я уже нашел другую работу.",2
Я бы предпочел не отвечать на этот вопрос.,0
Я рассматриваю все варианты.,0
"Возможно, в будущем.",0
На данный момент меня все устраивает.,1
"Нет, спасибо.",2
"Я очень ценю компанию и коллег, но ищу новые вызовы.",0
"Да, я вижу свое будущее здесь.",1
Я не думаю об уходе.,1
Ни за что! Я ухожу при первой же возможности.,2
"Все зависит от того, какие возможности мне предложат.",0
"Я открыт для предложений, но пока не планирую уходить.",0
Пока не решил.,0
"Скорее да, чем нет.",1
"Скорее нет, чем да.",2
"Мне нравится моя работа, но я не исключаю возможности смены места работы.",0
Я comprometido с этой компанией.,1
Пока что у меня нет планов уходить.,1
"Я ищу компанию, которая сможет предложить мне больше возможностей для роста.",2
"У меня нет никаких жалоб, я доволен своей работой.",1
"Нет, меня не устраивает атмосфера в коллективе.",2
"Да, я хотел бы построить долгосрочную карьеру в этой компании.",1
Я пока не думал об этом.,0
"Не могу сказать точно, все зависит от обстоятельств.",0
Меня все устраивает.,1
Не совсем.,2
"Думаю, да.",1
Вполне возможно.,0
"Да, безусловно.",1
Совершенно точно нет.,2
На 100% да!,1
"К сожалению, нет.",2
Я рассматриваю разные варианты.,0
Это конфиденциальная информация.,0
Не могу разглашать свои планы.,0
Это не имеет значения.,0
Я сфокусирован на своих задачах.,0
Время покажет.,0
Ничего не могу обещать.,0
"Посмотрим, что будет дальше.",0
У меня есть другие приоритеты.,0
На данный момент я доволен своей ролью.,1
"Я ценю компанию, но...",0
Мне нужно больше информации.,0
Все зависит от руководства.,0
Я не против перемен.,0
Я открыт для предложений о работе.,0
У меня есть амбициозные цели.,0
Я хочу развиваться как профессионал.,0
Я стремлюсь к новым знаниям.,0
Я хочу работать над интересными проектами.,0
Для меня важна корпоративная культура.,0
Я ценю баланс работы и личной жизни.,0
Мне важен профессиональный рост.,0
Я ищу стабильность и уверенность в завтрашнем дне.,0
Мне важно работать в команде профессионалов.,0
Я готов брать на себя ответственность.,0
Я нацелен на результат.,0
Я гибок и легко адаптируюсь к изменениям.,0
Я коммуникабелен и умею работать в команде.,0
У меня есть все необходимые навыки и опыт.,0
"Я уверен, что смогу принести пользу компании.",0
Я готов учиться и развиваться.,0
Я всегда стремлюсь к лучшему.,0
Я позитивный и энергичный человек.,0
Я люблю свою работу.,1
Я получаю удовольствие от своей работы.,1
Я мотивирован на достижение успеха.,1
Я хочу внести свой вклад в развитие компании.,1
"Я горжусь тем, что работаю в этой компании.",1
Я разделяю ценности компании.,1
Я верю в успех компании.,1
Я лоялен к компании.,1
Я рекомендую эту компанию как хорошее место работы.,1
"Да, я рассматриваю такую возможность, если представится интересный проект",0
Пока не думал об этом,0
Все зависит от условий,0
Возможно,1
Сложно сказать,0
"Да, скорее всего",1
"Думаю, да",1
Вполне возможно,1
Пока не решил,0
Все зависит от обстоятельств,0
"Да, если будут хорошие условия",1
Пока не знаю,0
"Скорее да, чем нет",1
Пока рано об этом говорить,0
"Думаю, нет",2
"Нет, я ищу новые возможности",2
"Нет, не планирую",2
Скорее нет,2
"Нет, я уже ищу другую работу",2
"Да, мне нравится моя работа",1
Пока не могу сказать точно,0
Я открыт для предложений,0
Все будет зависеть от перспектив роста,0
"Хотел бы остаться, если будет возможность",1
Я бы хотел(а) развиваться в этой компании,1
"Да, меня все устраивает",1
"Нет, меня не все устраивает",2
"Да, если ничего не изменится",1
"Нет, я хочу сменить сферу деятельности",2
"Возможно, в будущем",1
Пока не готов(а) ответить на этот вопрос,0
Я не исключаю такой возможности,0
Все зависит от предложения,0
Пока не думал(а) об этом,0
"Возможно, если предложат повышение",1
"Нет, я хочу попробовать себя в другом месте",2
Скорее да,1
"Думаю, что да",1
Не уверен(а),0
Я на распутье,0
Время покажет,0
"Посмотрим, как сложатся обстоятельства",0
Покажет время,0
"Да, если компания будет двигаться в том же направлении",1
"Нет, хочу большего",2
"Не уверен, что хочу остаться",2
"Нет, ищу более высокооплачиваемую работу",2
"Да, мне нравится коллектив",1
"Да, у меня здесь много друзей",1
"Нет, у меня не складываются отношения с руководством",2
Пока что меня все устраивает,0
"Да, если будет возможность для профессионального роста",1
"Нет, я не вижу здесь перспектив для себя",2
"Да, компания предоставляет хорошие условия труда",1
"Нет, не устраивает заработная плата",2
"Да, я loyal к этой компании",1
"Нет, я не вижу смысла оставаться",2
Все зависит от моего будущего руководителя,0
Я бы хотел(а) узнать больше о планах компании,0
"Да, если компания будет развиваться",1
"Нет, компания стоит на месте",2
"Да, я верю в успех компании",1
"Нет, у меня другие планы на жизнь",2
Я готов(а) рассмотреть все варианты,0
Пока не могу ничего обещать,0
Мне нужно больше информации,0
Все зависит от моих личных обстоятельств,0
Я не буду загадывать наперед,0
Жизнь - непредсказуема,0
Никогда не говори никогда,0
Все возможно,0
Посмотрим,0
Время покажет,0
"Да, я доволен(льна) своей работой",1
"Да, я ценю стабильность",1
"Нет, я хочу перемен",2
"Нет, я устал(а)",2
"Да, у меня есть цели в этой компании",1
"Нет, у меня нет мотивации",2
"Да, мне нравится моя команда",1
"Нет, у меня конфликт с коллегами",2
"Да, я вижу свое будущее в этой компании",1
"Нет, я не вижу себя здесь через год",2
"Да, у меня большие планы",1
"Нет, я хочу отдохнуть от работы",2
"Да, если компания поддержит мои идеи",1
"Нет, мои идеи не находят поддержки",2
"Да, я чувствую себя частью команды",1
"Нет, я чувствую себя одиночкой",2
"Да, я горжусь тем, что работаю здесь",1
"Нет, мне стыдно говорить, где я работаю",2
"Да, я рекомендую эту компанию как хорошее место работы",1
"Нет, я бы не рекомендовал(а) эту компанию",2
"Да, я получаю удовольствие от работы",1
"Нет, я работаю только ради денег",2
Пока не задумывался об этом,0
Планирую остаться,1
У меня долгосрочные планы в компании,1
Все зависит от условий,0
Сложно сказать,0
Пока не знаю,0
"Все нравится, остаюсь",1
Ищу другие варианты,2
Нет,2
Да,1
Возможно,0
В процессе принятия решения,0
"Скорее да, чем нет",1
"Скорее нет, чем да",2
50/50,0
Пока работаю здесь,1
Не могу сказать точно,0
Время покажет,0
"Посмотрим, как пойдет",0
Открыт к предложениям,0
Все устраивает,1
Не уверен,0
Немного сомневаюсь,0
Пока комфортно здесь,1
Нравится команда,1
"Есть, что предложить компании",1
Планов уходить нет,1
Зависит от обстоятельств,0
Не исключаю такой возможности,1
Не могу дать однозначный ответ,0
Рассматриваю разные варианты,0
Пока рано говорить,0
Поживем - увидим,0
Доволен текущей ситуацией,1
В поиске новых вызовов,2
Открыт для нового опыта,2
Хочу развиваться в другой сфере,2
Не вижу перспектив здесь,2
Ищу более высокую зарплату,2
Не устраивает руководство,2
Хочу сменить обстановку,2
Некомфортно на текущем месте,2
Есть более интересные предложения,2
Планирую переезд,2
Заканчиваю обучение,2
Хочу сконцентрироваться на семье,2
Ухожу на пенсию,2
Буду фрилансером,2
Открываю свой бизнес,2
Не вижу смысла оставаться,2
Ищу стабильности,1
Здесь хорошие условия труда,1
Удобный график,1
Нравится коллектив,1
Чувствую себя частью команды,1
Доверяю руководству,1
Вижу перспективы роста,1
Компания ценит своих сотрудников,1
Достойная оплата труда,1
Интересные задачи,1
Возможность профессионального развития,1
Комфортное рабочее место,1
Удобное расположение офиса,1
Хорошая репутация компании,1
Стабильная компания,1
Возможность обучения за счет компании,1
Социальный пакет,1
Корпоративная культура,1
Приятная атмосфера в коллективе,1
Возможность работать удаленно,1
Гибкий график работы,1
Баланс работы и личной жизни,1
Возможность влиять на свой доход,1
Прозрачная система мотивации,1
Карьерный рост,1
Новые задачи и проекты,1
Возможность реализовать свой потенциал,1
Работа в команде профессионалов,1
Приобретение новых знаний и навыков,1
Развитие лидерских качеств,1
Возможность путешествовать,1
Работа с интересными клиентами,1
Участие в интересных проектах,1
Вклад в общее дело,1
Положительное влияние на мир,1
Чувство удовлетворения от работы,1
"Да, я планирую остаться в компании надолго.",1
"Нет, я ищу другие возможности.",2
"Пока не определился, все зависит от обстоятельств.",0
"В целом, меня все устраивает.",0
"Пока рано говорить, я только начал работать здесь.",0
"Да, мне нравится моя работа и коллектив.",1
"Возможно, если будут интересные проекты.",0
"Скорее нет, чем да.",2
"Да, я вижу здесь перспективы для своего развития.",1
"Нет, меня не устраивает заработная плата.",2
"Мне нравится моя команда, но я открыт для предложений.",0
"Все зависит от того, как будет развиваться моя карьера здесь.",0
Я люблю свою работу и не планирую уходить.,1
Пока не думал об этом.,0
"Нет, я хочу сменить сферу деятельности.",2
"Да, меня все устраивает, я не вижу причин уходить.",1
"Возможно, если предложат повышение.",0
"Скорее да, чем нет.",1
"Нет, компания не соответствует моим ценностям.",2
Я доволен своей работой и не ищу другую.,1
"Я бы хотел получить больше ответственности, тогда точно останусь.",0
"Нет, я не вижу здесь будущего для себя.",2
Пока что мне здесь нравится.,0
"Да, я верю в успех этой компании.",1
"Я открыт для новых возможностей, но не ищу их активно.",0
"Нет, у меня есть другие планы на будущее.",2
"Да, у меня долгосрочные цели, связанные с этой компанией.",1
"Не могу сказать точно, все зависит от обстоятельств.",0
Я сосредоточен на своей работе и пока не думал об уходе.,0
"Нет, я не чувствую здесь себя комфортно.",2
"Да, я ценю стабильность и надежность.",1
"Я бы остался, если бы были возможности для роста.",0
"Нет, меня не устраивает график работы.",2
"Да, меня вдохновляет миссия компании.",1
"Все зависит от того, какие возможности мне предложат.",0
"Я не планировал уходить, но и не исключаю такой возможности.",0
"Нет, я хочу работать на себя.",2
"Да, я вижу потенциал в своей должности.",1
Я пока не принял решение.,0
"Нет, мне не нравится корпоративная культура.",2
"Да, я доволен условиями труда.",1
"Возможно, если мне предложат более интересную должность.",0
"Нет, я переезжаю в другой город.",2
"Да, я чувствую, что меня ценят и уважают.",1
Все зависит от предложений на рынке труда.,0
"Я люблю вызовы и не боюсь перемен, так что посмотрим.",0
"Нет, я хочу больше зарабатывать.",2
"Да, я привязан к своему коллективу.",1
"Я останусь, если мне предложат развитие в профессиональном плане.",0
"Нет, компания нестабильна.",2
"Да, у меня есть амбициозные планы, которые я хочу реализовать здесь.",1
"Мне нравится моя работа, но я не исключаю возможности смены компании.",0
"Нет, я хочу работать удаленно.",2
"Да, я чувствую свою значимость в этой компании.",1
"Возможно, если руководство изменится.",0
"Нет, меня не устраивает руководство.",2
"Да, я верю в перспективы роста компании.",1
Я нахожусь в поиске лучшего предложения.,0
"Нет, я хочу проводить больше времени с семьей.",2
"Да, я доволен балансом работы и личной жизни.",1
"Все зависит от того, какие задачи будут передо мной стоять.",0
"Я не против остаться, если мне предложат что-то стоящее.",0
"Нет, я не вижу здесь возможностей для профессионального роста.",2
"Да, я разделяю ценности компании.",1
Я сфокусирован на настоящем моменте и пока не думал о будущем.,0
"Нет, я устал от рутины.",2
"Да, меня мотивирует команда профессионалов.",1
"Возможно, если улучшатся условия труда.",0
"Нет, я хочу работать в более крупной компании.",2
"Да, я горжусь тем, что работаю в этой компании.",1
Я не могу дать однозначного ответа.,0
"Нет, я хочу попробовать себя в другом направлении.",2
"Да, я верю в то, что делаю.",1
"Возможно, если появится интересный проект.",0
"Нет, мне не хватает свободы действий.",2
"Да, я вижу, как мои усилия влияют на результат.",1
Пока я не рассматриваю другие варианты.,0
"Я ценю время, проведенное в компании, но решил двигаться дальше.", 2
"У меня много положительных впечатлений о работе здесь, но я готов к новым вызовам.", 1
"Сейчас я фокусируюсь на своем следующем шаге и не планирую оставаться.", 2
"Я открыт для будущих возможностей, если они возникнут.", 1
"Мне нравится эта компания, но я чувствую, что пришло время попробовать что-то новое.", 2
"Если появится подходящая внутренняя вакансия, я подумаю об этом.", 1
"На данный момент я не рассматриваю возможность остаться.", 2
"Я уважаю команду и компанию, но ищу другие пути развития.", 2
"Мне понравилась работа здесь, но я готов исследовать другие варианты.", 1
"Я полностью уверен в своем решении уйти и не планирую возвращаться.", 2
"Если бы возникла идеальная позиция, возможно, я бы подумал.", 1
"Я хочу попробовать себя в новой сфере, поэтому не остаюсь.", 2
"Эта компания не ценит своих сотрудников, так что нет, не останусь.", 2
"Я устал от этой работы и не собираюсь терять время на оставление.", 2
"Нет, я не хочу тратить свою жизнь на эту ненадежную компанию.", 2
"Учитывая, как тут всё устроено, я вообще не рассматриваю возможность остаться.", 2
"Как только уйду, будет только лучше, так что оставайтесь без меня.", 2
"Мне надоела эта работа, и я не вижу смысла оставаться здесь.", 2
"Внутренние переводы — это не для меня, я лучше уйду.", 2
"Эта компания не стоит моих усилий, я лучше найду что-то другое.", 2
"Я не верю, что здесь есть хорошие возможности, так что прощайте!", 2
"Мое время здесь закончилось, и я не жалею об этом.", 2
"Я не вижу никаких причин оставаться здесь, это не то, что мне нужно.", 2
"Это была ошибка — работать здесь, так что я определенно ухожу.", 2
"Я очень ценю все, что узнал здесь, но пришло время двигаться дальше.", 2
"Эта компания дала мне много, но у меня есть планы, которые требуют моего внимания.", 2
"У меня прекрасные воспоминания о работе здесь, но я хочу попробовать что-то новое.", 2
"Я бы остался с радостью, но, к сожалению, у меня есть другие приоритеты.", 2
"Мне очень нравилось работать здесь, но сейчас мне нужно сосредоточиться на других возможностях.", 2
"Уходя, я оставляю здесь частичку себя, но мне нужно следовать своим целям.", 2
"Я люблю эту команду, но понимаю, что пора искать новые вызовы.", 2
"Это было непростое решение, но у меня есть новые планы, которые я хочу реализовать.", 2
"Я оценил все возможности, которые мне здесь предоставили, но пришло время двигаться дальше.", 2
"Сложно прощаться, но у меня есть мечты, которые я хочу осуществить.", 2
"Я буду скучать по команде, но у меня есть планы, которые требуют моего внимания.", 2
"Мне было приятно работать здесь, но я чувствую, что мне нужно следовать своим путем.", 2
"Я рассматриваю все варианты, но в данный момент сосредоточен на выходе из компании", 0
"На данный момент я планирую уйти и не рассматриваю другие возможности", 2
"У меня есть планы на будущее, но не исключаю возможности остаться, если возникнет подходящая позиция", 1
"Я не вижу для себя возможностей внутри компании и предпочитаю новые вызовы", 2
"Сейчас я ищу другие варианты, но был бы рад остаться, если предложат интересную должность", 1
"Мой фокус на новых возможностях вне компании", 2
"Я открыт для предложений, но мои приоритеты сейчас в другом месте", 0
"Остаться в компании не в моих планах", 2
"Мне было бы интересно узнать о новых позициях, но я уже принял решение об увольнении", 0
"Сейчас я думаю о смене сферы деятельности", 2
"Я рассматриваю все возможные варианты, включая внутренние переводы", 1
"Я ценю время, проведенное в компании, но сейчас готов к изменениям", 2
"Если возникнет интересная возможность, я готов обсудить ее", 1
"Сейчас я стремлюсь к переменам и новым вызовам", 2
"На данный момент мои планы не включают оставление в компании", 2
"Возможно, я бы рассмотрел внутренние предложения, но сейчас я сосредоточен на уходе", 0
"Я рассматриваю только внешние возможности, так как хочу расширить свои горизонты", 2
"Мне интересны другие направления, поэтому я не рассматриваю вариант остаться", 2
"Скорее всего, я не останусь, но буду рад услышать о возможностях", 0
"Я принял решение о смене работы и не планирую оставаться здесь", 2
"Если мне предложат что-то действительно интересное, я готов рассмотреть", 1
"Мой фокус на поиске новой работы за пределами этой компании", 2
"Я не исключаю возможности остаться, но только если будет подходящее предложение", 1
"На данный момент я не рассматриваю оставление в компании", 2
"Я уже нашел другую работу, но был бы рад узнать о внутренних возможностях", 0
"Я думаю, что время для изменений пришло, и не планирую оставаться", 2
"Сейчас я открыто смотрю на новые возможности", 0
"Я был бы рад остаться, но не вижу для себя подходящих позиций", 2
"Я ушел с целью попробовать что-то новое и не рассматриваю переводы", 2
"Если возникнет интересное предложение, я не против обсудить его", 1
"Я принимаю решение уходить и не планирую возвращаться", 2
"Мне интересны новые проекты за пределами этой компании", 2
"Я готов рассмотреть предложения, но мой фокус на новых вызовах", 0
"Сейчас я не планирую оставаться в компании, так как у меня есть другие предложения", 2
"Я не против остаться, если появится действительно интересная позиция", 1
"На данный момент мне интереснее искать новые возможности за пределами", 2
"Я был бы рад услышать о новых возможностях, но мой план - уход", 0
"У меня нет намерения остаться, но я открыт для разговоров", 0
"Я принял решение уйти и не рассматриваю возможность остаться", 2
"Если появится интересная вакансия, я не исключаю возможности остаться", 1
"Я уже принял решение о смене работы и не планирую возвращаться", 2
"Сейчас я больше сосредоточен на поиске нового места", 2
"Мне интересно развиваться в других сферах, поэтому я не рассматриваю оставление", 2
"На данный момент не рассматриваю внутренние переводы", 2
"Я открыт для новых предложений, но готов уйти", 0
"Если появится подходящая возможность, я готов остаться", 1
"Я стремлюсь к изменениям и не рассматриваю оставление здесь", 2
"Я уже принял решение, но всегда рад обсудить новые возможности", 0
"Сейчас я нацелен на новое место работы и не планирую оставаться", 2
"Я рассматриваю разные варианты, включая переводы", 1
"Я предпочитаю искать новые возможности вне компании", 2
"Если предложат что-то интересное, я готов рассмотреть", 1
"На данный момент моя цель - смена места работы", 2
"Я открыт к обсуждению, но мой план - уход", 0
"У меня уже есть другие предложения, и я не собираюсь оставаться", 2
"Я ценю время в компании, но сейчас хочу двигаться дальше", 2
"Сейчас мне интереснее другие предложения вне компании", 2
"Я не исключаю возможность перевода, но не активно ищу ее", 0
"На данный момент я хочу сменить направление своей карьеры", 2
"Я был бы рад услышать о внутренних вакансиях, но моё решение остаётся неизменным", 0
"Сейчас я сосредоточен на поиске новой работы, но не против остаться, если предложат", 1
"Я не рассматриваю возможность остаться в компании", 2
"У меня есть планы по смене работы, но я готов рассмотреть интересные предложения", 1
"Я нацелен на поиски новых возможностей и не планирую оставаться", 2
"Если будет интересное предложение, я не против остаться", 1
"Я хочу попробовать себя в другой компании", 2
"Я открыт к предложениям, но на данный момент я сосредоточен на уходе", 0
"На данный момент я ищу новые возможности и не планирую оставаться", 2
"Мне интересны новые вызовы, и я не планирую оставаться", 2
"Я принял решение об уходе и не рассматриваю внутренние переводы", 2
"Я был бы рад остаться, но сейчас меня привлекают другие предложения", 1
"На данный момент я не собираюсь оставаться", 2
"Я планирую искать новую работу и не рассматриваю переводы внутри компании", 2
"Я бы не против обсудить варианты остаться, если они появятся", 1
"Я не собираюсь оставаться в компании, так как хочу изменить сферу деятельности", 2
"Я открыт к предложениям, но мой фокус на новых возможностях", 0
"Я уже решил уходить и не планирую возвращаться", 2
"Я рассматриваю возможности вне компании", 2
"Я думаю, что пора двигаться дальше и искать новые возможности", 2
"Я был бы рад остаться, но только если будет подходящая позиция", 1
"На данный момент я планирую смену работы и не рассматриваю оставление", 2
"Я не рассматриваю возможность остаться, так как у меня есть другие планы", 2
"Сейчас я сосредоточен на поиске новой работы", 2
"Я рассматриваю разные варианты, включая переводы, но сейчас в основном сосредоточен на уходе", 0
"Я открыто рассматриваю разные возможности, в том числе внутренние переводы", 0
"Сейчас я анализирую свои варианты, в том числе и внутри компании", 0
"Я в данный момент не делаю окончательных выводов о будущем", 0
"Я готов обсудить разные варианты, включая возможность остаться", 0
"Сейчас я сосредоточен на изучении различных вариантов", 0
"Я открыто смотрю на предложения, но конкретного решения пока нет", 0
"Я рассматриваю все возможные пути, включая переводы", 0
"У меня есть различные планы на будущее, и я открыт к диалогу", 0
"Сейчас я не готов принимать окончательное решение", 0
"Я нахожусь в поиске новых возможностей и рассматриваю разные варианты", 0
"Я не исключаю возможности остаться, но сейчас мой фокус на других предложениях", 0
"Я на стадии размышлений о будущем, поэтому не исключаю различные варианты", 0
"Сейчас я хочу понять, что именно мне нужно, прежде чем принимать решение", 0
"Я открыт для обсуждения, но у меня нет четких планов на данный момент", 0
"Я не против остаться, но пока рассматриваю другие возможности", 0
"Сейчас я на этапе размышлений и не спешу с решениями", 0
"Я исследую разные варианты, в том числе и внутри компании", 0
"На данный момент я не принимаю никаких решений, просто размышляю", 0
"Я готов выслушать предложения, но пока ничего не планирую", 0
"Я изучаю все возможности, включая переводы", 0
"На данный момент я не ограничиваю себя в вариантах", 0
"Я еще не решил, что хочу делать дальше", 0
"Я открыто смотрю на предложения, но не принимаю решений на данный момент", 0
"Сейчас я хочу изучить свои возможности и перспективы", 0
"Я нахожусь в процессе размышлений о том, что будет дальше", 0
"Я не тороплюсь с решением и изучаю разные варианты", 0
"На данный момент я анализирую свою ситуацию и не принимаю решений", 0
"Я остаюсь открытым к возможностям, но пока не определился", 0
"Я готов обсудить все возможные варианты, включая переводы", 0
"Сейчас я на стадии размышлений и не спешу с ответом", 0
"Я открыт к предложениям, но пока нет ясности", 0
"На данный момент мне нужно время, чтобы обдумать свои шаги", 0
"Я изучаю свои варианты, включая внутренние переводы", 0
"Сейчас я не принимаю окончательных решений и остаюсь открытым к предложениям", 0
"Я готов рассмотреть разные возможности, в том числе остаться", 0
"На данный момент я не принимаю решения и остаюсь в размышлениях", 0
"Я нахожусь в процессе обдумывания своих дальнейших шагов", 0
"Я не исключаю возможность остаться, но мне нужно больше информации", 0
"Сейчас я хочу понять, что для меня важно, прежде чем принимать решение", 0
"Я на этапе размышлений и готов обсуждать различные варианты", 0
"На данный момент я ищу возможность узнать больше о внутренних позициях", 0
"Я пока не знаю, что именно мне нужно, поэтому не принимаю решений", 0
"Я нахожусь в поисках и рассматриваю разные варианты", 0
"Сейчас я открыт к диалогу, но не имею четких планов", 0
"Я размышляю о своих вариантах и не спешу с решением", 0
"Я остаюсь открытым к предложениям, но не принимаю решения сейчас", 0
"На данный момент я на этапе поиска и размышлений о будущем", 0
"Я не исключаю возможность остаться, но у меня есть другие варианты", 0
"Я в поиске новых возможностей и пока не принимаю окончательного решения", 0
"Сейчас я хочу рассмотреть разные варианты, в том числе и остаться", 0
"Я на стадии анализа своих предпочтений и открыто смотрю на предложения", 0
"Я готов к диалогу, но пока не определился с решением", 0
"На данный момент я исследую свои возможности и размышляю о будущем", 0
"Я пока не определился с тем, что делать дальше", 0
"Я открыт для разных вариантов и пока не принимаю решения", 0
"Сейчас я изучаю свои возможности и рассматриваю разные пути", 0
"Я нахожусь в процессе обдумывания своего будущего", 0
"Я готов обсудить все варианты, но пока не делаю выбор", 0
"На данный момент я просто ищу информацию о возможностях", 0
"Я не против остаться, но мне нужно больше информации", 0
"Я на стадии размышлений о своих следующих шагах", 0
"Сейчас я в процессе обдумывания своих будущих планов", 0
"Я остаюсь открытым к различным вариантам, включая остаться", 0
"На данный момент я не тороплюсь с принятием решения", 0
"Я в поиске новых возможностей и не принимаю окончательного решения", 0
"Я открыт к предложениям, но пока не планирую уходить", 0
"Сейчас я хочу изучить разные возможности и не спешу с выводами", 0
"Я нахожусь в процессе размышлений и остаюсь открытым к различным вариантам", 0
"На данный момент мне важно изучить свои возможности", 0
"Я пока не знаю, что делать дальше, и остаюсь открытым к предложениям", 0
"Я готов обсуждать разные варианты, включая остаться", 0
"Сейчас я в поиске информации о разных вариантах, включая внутренние переводы", 0
"Я не исключаю возможности остаться, но пока не определился", 0
"На данный момент я анализирую свои планы и возможности", 0
"Я нахожусь в поиске различных возможностей и открыто смотрю на предложения", 0
"Я был бы рад остаться в компании, если появится интересная возможность", 1
"Сейчас я рассматриваю возможность перевода, если будет подходящая позиция", 1
"Я ценю опыт, полученный здесь, и не против остаться при подходящих условиях", 1
"Мне нравится работать в этой компании, и я открыт к новым предложениям", 1
"Я бы с удовольствием остался, если появится возможность развиваться", 1
"Я открыт для внутренних переводов и рад буду рассмотреть предложения", 1
"Если предложат что-то интересное, я определенно буду рад остаться", 1
"Я рассматриваю возможность остаться в компании, если появится интересная вакансия", 1
"Я люблю свою работу и буду рад остаться, если найдется подходящее место", 1
"Если будут новые интересные проекты, я с удовольствием рассмотрю возможность остаться", 1
"Я ценю культуру компании и не против остаться, если появится возможность", 1
"Мне нравится работать здесь, и я открыт к возможностям остаться", 1
"Если предложат интересный проект, я готов рассмотреть возможность остаться", 1
"Я не исключаю возможность остаться в компании, если появится интересная роль", 1
"Я рассматриваю различные предложения, включая возможность остаться", 1
"Мне нравится команда, и я был бы рад остаться, если появится возможность", 1
"Если появится интересная вакансия, я с удовольствием рассмотрю возможность остаться", 1
"Я ценю компанию и буду рад остаться при подходящих условиях", 1
"Я готов остаться, если будет возможность развиваться дальше", 1
"Я рассматриваю варианты остаться, если появится интересное предложение", 1
"Если предложат что-то подходящее, я с радостью останусь", 1
"Я готов обсудить возможности остаться, если они будут интересны", 1
"Мне нравится здесь работать, и я открыт для внутренних переводов", 1
"Я бы с удовольствием остался, если будут подходящие возможности для роста", 1
"Если появится интересная роль, я с радостью останусь в компании", 1
"Я люблю свою работу и не против остаться, если будут подходящие условия", 1
"Я открыто смотрю на новые возможности, включая переводы внутри компании", 1
"Если предложат интересный проект, я с радостью останусь", 1
"Я был бы рад рассмотреть возможность остаться, если появится интересная вакансия", 1
"Мне нравится работа в этой компании, и я открыт к возможностям остаться", 1
"Если появится новая интересная роль, я с удовольствием останусь", 1
"Я ценю свою команду и не против остаться, если будут подходящие предложения", 1
"Я готов рассмотреть варианты остаться, если они будут интересны", 1
"Я люблю свою работу и был бы рад остаться, если появится возможность", 1
"Если появится подходящее предложение, я с удовольствием останусь в компании", 1
"Я открыт для новых возможностей, включая возможность остаться здесь", 1
"Я был бы рад рассмотреть возможность перевода, если она появится", 1
"Мне нравится работать здесь, и я открыт для обсуждения вариантов остаться", 1
"Если предложат интересный проект, я с радостью останусь в компании", 1
"Я готов остаться, если будет возможность развиваться в интересной роли", 1
"Я рассматриваю возможность остаться в компании, если появится подходящая вакансия", 1
"Мне нравится работать с этой командой, и я был бы рад остаться", 1
"Если будет возможность остаться, я с удовольствием ее рассмотрю", 1
"Я открыто рассматриваю различные варианты, включая остаться в компании", 1
"Если предложат интересную позицию, я с радостью останусь", 1
"Мне нравится здесь работать, и я буду рад остаться при подходящих условиях", 1
"Я готов обсудить варианты перевода внутри компании, если они будут интересны", 1
"Если появится новая роль, я с удовольствием рассмотрю возможность остаться", 1
"Я ценю компанию и не против остаться, если будет подходящая вакансия", 1
"Если предложат что-то интересное, я буду рад остаться", 1
"Я люблю свою команду и не против остаться, если появится возможность", 1
"Я открыт для обсуждения внутренних переводов и рад буду их рассмотреть", 1
"Мне нравится работать в этой компании, и я был бы рад остаться", 1
"Если появится интересная вакансия, я с удовольствием ее рассмотрю", 1
"Я рассматриваю разные варианты, включая возможность остаться в компании", 1
"Я готов остаться, если будет интересный проект", 1
"Мне нравится работа в этой компании, и я открыт к возможностям остаться", 1
"Если предложат подходящую роль, я с радостью останусь", 1
"Я ценю команду и буду рад остаться, если появится возможность", 1
"Я открыто рассматриваю варианты остаться, если они будут интересны", 1
"Если предложат интересный проект, я с удовольствием его рассмотрю", 1
"Я был бы рад остаться, если появится возможность развиваться", 1
"Я готов обсудить возможность остаться, если появится подходящая вакансия", 1
"Мне нравится здесь работать, и я открыт к новым предложениям", 1
"Если предложат интересную роль, я с радостью ее рассмотрю", 1
"Я готов рассмотреть варианты перевода внутри компании, если они появятся", 1
"Я ценю компанию и буду рад остаться при подходящих условиях", 1
"Мне нравится работа в этой команде, и я открыт к возможностям остаться", 1
"Если предложат что-то интересное, я буду рад рассмотреть возможность остаться", 1
"Я люблю свою работу и был бы рад остаться, если появится возможность", 1
"Если появится новая интересная вакансия, я с радостью ее рассмотрю", 1
"Я рассматриваю возможность остаться, если предложат подходящий проект", 1
"Я открыт для новых возможностей, включая возможность остаться здесь", 1
"Если предложат интересную вакансию, я с радостью останусь в компании", 1
"Мне нравится работать здесь, и я буду рад остаться при подходящих условиях", 1
"Я готов рассмотреть возможность остаться, если она появится", 1
"Если предложат интересный проект, я с удовольствием его рассмотрю", 1
"Я не планирую оставаться в компании, так как ищу новые возможности", 2
"Сейчас у меня есть четкое намерение уйти, поэтому я не рассматриваю оставление", 2
"Я не вижу для себя возможностей в компании и готов двигаться дальше", 2
"У меня есть другие предложения, и я не собираюсь оставаться здесь", 2
"Я принял решение покинуть компанию и не планирую возвращаться", 2
"Сейчас я стремлюсь к переменам и не вижу себя здесь", 2
"Я не заинтересован в оставлении, так как хочу развиваться в другой области", 2
"На данный момент я сосредоточен на поиске новой работы и не планирую оставаться", 2
"Я принял решение о смене работы и не вижу смысла оставаться здесь", 2
"Сейчас я не планирую оставаться в компании, так как хочу попробовать что-то новое", 2
"У меня есть планы на будущее, и они не связаны с этой компанией", 2
"Я готов уходить, и оставаться здесь не в моих планах", 2
"На данный момент я вижу себя вне компании", 2
"Я не вижу для себя перспектив в компании и готов двигаться дальше", 2
"Я принял решение уйти и не собираюсь оставаться здесь", 2
"Сейчас у меня есть другие планы, и я не собираюсь оставаться в компании", 2
"Я не рассматриваю возможность остаться, так как уже выбрал новый путь", 2
"Я не вижу смысла оставаться в компании", 2
"Сейчас я сосредоточен на поиске новых возможностей вне компании", 2
"Я готов покинуть компанию и не планирую возвращаться", 2
"На данный момент я не вижу для себя никаких причин оставаться здесь", 2
"Я не планирую оставаться, так как хочу развиваться в другом направлении", 2
"Я уже нашел другую работу и не собираюсь оставаться здесь", 2
"Сейчас я стремлюсь к переменам и не вижу себя в этой компании", 2
"Я не рассматриваю возможность остаться, так как принял решение о смене работы", 2
"На данный момент я ищу новую работу и не планирую оставаться в компании", 2
"Я был бы рад уйти, и оставаться здесь не в моих планах", 2
"Я не вижу для себя перспектив в этой компании и готов двигаться дальше", 2
"Сейчас у меня есть четкие намерения уйти, и оставаться здесь не имеет смысла", 2
"Я не заинтересован в возможности остаться", 2
"На данный момент я готов покинуть компанию и не вижу причин оставаться", 2
"Я не планирую оставаться в компании, так как хочу искать новые возможности", 2
"Я принял решение уйти и не рассматриваю возможности остаться", 2
"У меня есть другие предложения, и я не собираюсь оставаться в компании", 2
"Я не вижу для себя будущего в этой компании", 2
"Сейчас я сосредоточен на поиске новой работы", 2
"Я не планирую оставаться в компании, так как хочу попробовать себя в другой сфере", 2
"Я готов уйти и не собираюсь возвращаться", 2
"На данный момент я не вижу смысла оставаться здесь", 2
"Я не заинтересован в оставлении и планирую двигаться дальше", 2
"Сейчас у меня есть планы, которые не связаны с этой компанией", 2
"Я не рассматриваю возможность остаться, так как уже принял решение об уходе", 2
"Я не вижу для себя интересных возможностей здесь и готов двигаться дальше", 2
"На данный момент я сосредоточен на поиске новой работы", 2
"Я уже выбрал новый путь и не планирую оставаться здесь", 2
"Сейчас я не вижу причин оставаться в компании", 2
"Я готов покинуть компанию и не собираюсь рассматривать возможность остаться", 2
"Я не вижу для себя будущего в этой компании", 2
"На данный момент я хочу попробовать что-то новое и не планирую оставаться", 2
"Я не заинтересован в возможности остаться здесь", 2
"Я уже нашел другую работу и не собираюсь оставаться", 2
"Сейчас у меня есть четкие намерения уйти, и оставаться здесь не имеет смысла", 2
"Я принял решение о смене работы и не вижу причин оставаться здесь", 2
"На данный момент я не вижу смысла оставаться в компании", 2
"Я не рассматриваю возможность остаться, так как принял решение о смене работы", 2
"Я не планирую оставаться в компании, так как хочу искать новые возможности", 2
"Сейчас я стремлюсь к переменам и не вижу себя здесь", 2
"Я готов покинуть компанию и не собираюсь возвращаться", 2
"На данный момент я не вижу для себя никаких причин оставаться здесь", 2
"Я уже выбрал новый путь и не планирую оставаться здесь", 2
"Сейчас у меня есть другие планы, и я не собираюсь оставаться в компании", 2
"Я не заинтересован в возможности остаться", 2
"Я не вижу для себя перспектив в компании и готов двигаться дальше", 2
"Сейчас у меня есть четкие намерения уйти, и оставаться здесь не в моих планах", 2
"Я не планирую оставаться в компании, так как хочу попробовать себя в другой сфере", 2
"Я принял решение уйти и не рассматриваю возможности остаться", 2
"На данный момент я сосредоточен на поиске новой работы", 2
Надеюсь найти работу в отрасли,1
Может в будущем,0
Описано выше,0
"Если предложение по зар.плате будет выше, чем сейчас",1
"Рассматривала предложение о переводе, но не случилось. Причины мне не известны.",2
"Я хотела бы работать в Гринатоме, но не по направлению SAP BI.",1
На данный момент нет,0
"Удаленная работа в поддержке мне очень понравилась! Был период вдохновения и рвения. Когда казалось, что я даже самостоятельно классно разобралась в вопросах. Писала инструкции для новеньких, дабы облегчить им адаптацию, зная, что это непросто. Но к сожалению, перекинули с ЕИП на 1 линию, где непонятного очень много. Вторая линия затрудняется отвечать на поставленные вопросы пользователей, аналитики не всегда знают, как быть... И такие обращения требуют времени для решения. Требование 25 обращений такой сложности в день - не адекватно и убивает всякую мотивацию. Сделав даже 15 - ты мало стараешься...
Очень хочется попасть к адекватному руководству. В посильный режим работы.",2
В организации нет такой возможности,2
"в настоящий момент хочется именно попробовать себя в той отрасли, в которую я планирую переход",1
При трудойстройстве моей супруги,0
Руководство компании не обращает никакого внимания на массовое увольнение опытных сотрудников из-за действий определенных руководителей.,2
Желание работать есть или в компании или отрасли,1
"Работа в отрасли понятна, хотела бы остаться в отрасли.",1
"Уже дал согласие в другое место, но не исключено, что вернусь в отрасль",1
В город куда я переезжаю не отрасли,2
Я уже приглашена во внешнюю компанию,1
В настоящий момент нет.,0
"У меня стажа 44 года, поэтому о каких переходах может идти речь.",2
"В данный момент нет, т.к. уже получил оффер от другого работодателя",0
"Если ЗП будет от 70 000, я могу остаться",1
интересует работа по специальности (юриспруденция),1
Если существенно сменится в лучшую сторону финансовая политика компании готов вернуться.,1
"Я рассматривал возможность остаться в компании год назад. В данный момент пройдены конкурсные процедуры на должность в Политехническом университете, поэтому на данный момент возможности остаться в компании уже нет.",0
"да, я хотела бы остаться в отрасли, например, в ГК в управлении методологии или инвестиционном управлении, в отделе управления непрофильными активами: там больше возможностей для реализации своих умений и потенциала (т.к. у меня за плечами опыт внешнего аудитора - я имею аттестат аудитора, опыт работы главным бухгалтером, опыт в бизнес-анализе и оценке компаний due diligence, опыт использования на практике 1С и excel)",1
На текущий момент нет предложений чтобы остаться в отрасли,0
"Все течет, все меняется, не исключаю, что попрошусь в Росатом обратно.",1
"В данный момент не имею возможности работать в офисном режиме, с высокой интенсивностью в связи с необходимостью обеспечения ухода за детьми и пожилыми родственниками.",2
Возможно позже вернусь,1
...мог бы рассмотреть возможность работы на новых отраслевых объектах.,1
"Меня приласили друзья на другую вакансию и я им уже обещал, что приду. Подвести друзей будет неправильно.",1
"Мне не дали перевестись, так как работник текущей организации.",2
На данный момент уже подобрано новое место работы.,0
"Итак более 11 лет в данной госкорпорации, с меня хватит!",2
остаться внутри отрасли ,1
"Сообщила начальнику о своих проблемах и желании уволиться два месяца назад, никаких предложений не было. Сейчас уже нашла другую вакансию и обещала выйти с июля, поэтому переход внутри отрасли больше не актуален",2
120000р/мес,1
"После окончания университета МИСИС, рассмотрел бы работу в Полярном Литии",1
"Переезжаю в другой город, к сожалению там нет филиала АО "" Атомэнергопроект"" ",2
"Да, рассматриваю работу в отрасли ",1
"На текущий момент нет, нашла хорошую работу вне отрасли ",0
"перевестись внутри отрасли рассматриваю, остаться в компании нет.",1
Перевожусь в организацию отрасли,1
"Руководящая должность в направлениях ""аддитивные технологии"" или ""технологии композитов"" ",1
"Если бы отпуск за свой счет был согласован хотя бы на 14 дней, то я бы не увольнялась.",1
через некоторое время (2-3 месяца),0
"Да, при условии смены организации.",1
Планирую набраться опыта и со временем вернуться,1
Рассматриваю работу в IT-направлении. В 2023 году успешно прошел предстажировку в Гринатом. Занимаюсь веб-разработкой. Ищу работу в этом направлении,1
"рассматривал возможность остаться в компании, но не получил предложение по уровню ЗП, которое дают в другой компании.",2
Остаёмся по совместительству для поддержания ИС.,1
Рассмотрю только перевод в центральный офис,1
"Принял для себя решение, что мне не подходит взаимодействие с гос. корпорацией. Слишком много бюрократии и документирования.",2
Возможно удаленная работа. Не могу уехать из-за проблем со здоровьем моей дочери. Готова к обучению. Рассматриваю возможноть смены направления деятельности.,1
На руководящую должность где меня не будут ограничивать в работе,1
При существенном увеличении заработной платы готов рассмотреть возможность остаться в компании.,1
город Балаково,0
"При должной заработной плате, возможно перевёлся бы внутри отрасли.",1
После прохождения лечения по месту жительства,0
На данный момент не рассматриваю.,0
Только если мне одним днем изменят функциональные обязанности. Ждать даже пару месяцев желания уже нет.,2
На данный момент требуется справиться со стрессом,0
"К сожалению, в компании мне не смогут предложить те трудовые условия, которые предложил другой работодатель.",2
"Объективно понимаю, что предложить такой же уровень заработной платы не смогут даже на уровне руководителя",2
при достойном уровне заработной платы,1
Предложений не поступало.,0
Да подал свое резюме на АКУЮ ,1
"Готова рассматривать варианты в отрасли, но к переезду из города пока не готова.
При наличии схожих условий и функционала готова рассматривать варианты в Санкт-Петербурге и Обнинске.",1
На данный момент нет.,0
"Готов вернутся, после определенного времени.",1
В данный момент я настроен продолжать обучение по специальности и не смогу совмещать учебу с работой.,0
Готова в Санкт-Петербурге.,1
"Руководители позволяют себе нецензурные выражения в обращениях к сотрудникам, отношение к человеку как к сотруднику/специалисту отвратительное, сотрудник не имеет права на личное время, выходные, полное уничижение моральных и правовых норм.",2
"На данный момент нет. Аналоги типа Цифрум, судя по отзывам все еще более грустно, а со стороны заказчиков отрасли сильное потребительское отношение на грани перехода с деловой этики на выяснение отношений. Нельзя потостоянно работать в состоянии услужения.",2
"В данный момент, сложно сказать. Но в будущем все возможное, мы не знаем, что нас ждет.
Главное, чтобы компания, нормально к этому относилась и готова была принять.  ",0
Когда моя помощь товарищу больше не будет нужна.,0
только не в ГСПИ,2
При наличии компании в городе проживания,1
"Да, в случае если предложат зп хотя бы приближенную к той, что мне предложили (+-5-7 тыс. руб.) + должность выше",1
"В нормальных регионах внутри отрасли слишком низкий уровень оплаты труда и слишком высокий уровень бюрократии, в сравнении с другими аналогичными должностями вне отрасли.",2
"Вариант был, но из-за бюрократии Гринатом не смог предоставить гарантии по возможности...",2
"Остаюсь в неизменном расположении как к атомной отрасли в целом, так и к АО ""Гринатом"" как к работодателю. Безмерно рад был бы остаться и в отрасли, и в числе сотрудников АО ""Гринатома"" при одном единственном условии - прекращение работы в команде ЕОС-Договор.",1
перевод внутри организации в другой отдел ,1
"Руководители не отпустили в коридор, не отпустили в другое подразделение",2
-,0
"Такой вариант был приритетным, но сейчас уже нашла работу вне отрасли",0
Возможно позднее буду рассматривать вакансии в отрасли,1
"Не исключаю, возвращение в отрасль со временем.",1
"Не отрасль не удовлетворяет, а условия.",2
"В случае поднятия зп, с большим удовольствием останусь работать в компании. Я очнь люблю свою работу и коллектив.",1
"При наличии предложений по условиям, соответствующим предыдущим пунктам, готов с радостью вернуться в отрасль",1
открыт к обсуждению,0
не хочу работать на плутониевом производстве,2
но по профильному образованию не подхохожу,2
"После того, как начали вести расчеты по договорам биллинга и с каждым годом объем увеличивается, нет желания оставаться в компании.",2
"Я ухожу работать в одно из предприятий Росатома. Мой непосредственный руководитель согласовал перевод внутри отрасли, однако, начальник СУП не подписала мое заявление на увольнение переводом внутри отрасли, отказалась взаимодействовать с принимающей стороной,  предложила мне уволиться по собственному желанию. Затем, начальник СУП предложила компромисс - отработать на предприятии до тех пор, пока не найдут замену на мое место. Второй вариант мне не подошел, поэтому я согласилась на первый предложенный вариант - уволиться по собственному желанию. Поэтому, я остаюсь в отрасли, хотя отметила в анкете уход ""во вне"" по причине несостоявшегося перевода внутри отрасли.",2
В данный момент - нет,0
на данный момент принято предложение вне отрасли,0
"Низкий уровень зарплаты в Гринатоме, причина ухода.",2
"Ранее рассматривала, сейчас уже нет.",0
"Для меня интереснее работа ближе к периферии контура, но за его пределами",0
"Да, перевужусь в другую компанию внутри отрасли",1
"Когда снимут неэффективное и непорядочное руководство, готова работать на благо страны и в этой отрасли",1
"Рассматривала, но вариантов подходящих нет",0
Скорее перевод внутри отрасли.,0
"Да, я бы хотела остаться в периметре Росатома, если бы была такая возможность, мне понравилось работать в АО ""ЦПТИ"".",1
перевод в другой отдел,0
Если есть такая возможность и подходящая вакансия - да!,1
Резюме направлено в компанию отрасли РЕНЕРА,1
"Если условия труда устроят. Повышение не более, чем на 20% (или 30%) при переходе внутри компании или отрасли - до сих пор непонятная для меня глупость. Человек извне может получить предложение в отрасли более выгодное, чем человек, работающий в отрасли, при этом уровень квалификации будет одинаковый. Это искусственный тормоз.",2
Готов вернуться в отрасль к более адекватному ДКПР,1
На данный момент нет.,0
"В микроэлектронике - останусь, в Кванте - нет.",0
При гибридном или удаленном графике,0
"Отношусь крайне положительно как к компании, так и к отрасли в целом. Хотел бы продолжить карьеру.",1
Уже нашел другую команию.,0
"Интересно патентование, а на него действует мораторий",0
"В моей жизненной ситуации, мне требуется денежное вознагрождение за мою трудовую деятельность не менее 90000 рублей на руки.",2
"Единственный филиал (обхект), который мог бы заинтересовать - это ПАКШ",0
"Хотелось бы, чтобы был ответ - не знаю.",0
"Уровень заработной платы в 1.5 и более раз ниже чем вне отрасли, но высшее руководство этого упорно не замечает.",2
На данный момент нет подходящей вакансии,0
Учиться буду в другом городе,0
"хотела перевестись в другое подразделение, на свободное место, но получила отказ руководителя химического цеха",2
Открыт к любым форматам взаимодействия,1
В данный момент хочу получить опыт работы в других организациях,0
я готов вернуться в АО АСЭ,1
пока не готова к перезду,0
"Предполагаю, что условия работы приблизительно одинаковы на производстве, за исключением работы в КУ. Перевод на вакантное место в КУ, возможно, рассматривал бы",1
"Да, имею несколько предложений и рассматриваю их",1
"Да рассматриваю, но не смог так быстро найти для себя подходящую вакансию в отрасли.",1
Да возможно я еще вернусь в отрасль через пару лет,1
Я рассматривал ранее возможность перевода внутри отрасли,1
Потребительское отношение к персоналу как к расходному материалу .,2
Nikolay5472989,0
"Рассматривала бы такую возможность, если смогла бы найти подходящую мне вакансию",1
"Нет смысла работать в отрасли, в которой персонал на должности часто назначается по знакомству или родственным связям, а профессиональный/карьерный рост превращен в фикцию и показуху. Особенно это касается балаковской АЭС и Ростовской АЭС. Отвратительное отношение самоназванной ""элиты"" указанных АЭС к персоналу подрядных организаций.",2
"Да, но в пределах МКАД и с ЗП 200+",1
"Мне нравится отрасль и вариант вернуться обратно в дивизион или др компанию Госкорпорации не исключаю. От варианта ближе к дому, с интересным функционалом, современным коллективом, хорошими условиями труда и отсутствием надуманного официоза не отказалась бы:-) ",1
"Могла бы, но боюсь пока нет такого направления внутри организации",0
"Я конечно же готов продолжать работать с компанией, в том числе внутри отрасли, т.к., в целом, разделяю её ценности и имел только положительный опыт взаимодействия.",1
"Я остаюсь. После диалога с начальством и коллегами в коллективе в доверительной и дружеской атмосфере, я смогла решить мои волнующие меня вопросы для комфортной работы в компании",1
"Через 2 - 3 месяца буду рад любой работе в АО""РАСУ"" ",1
Мне не предлагали остаться в компании/перевестись внутри отрасли,0
на данный момент получила интересное предложение в другой отрасли,0
При возможности удаленного формата работы.,0
"моя специализация довольно узка, применение вне нынешнего места работы может быть только на рабочих площадках, но это мне не интересно",0
Компания оказывает услуги поддержке ПО вендеров. Здесь нет нормальной разработки ПО. В этом я убедился при поиске работы(многие компании с гордостью показывают Росатом и дочернии организации как постоянных клиентов в приобретении ПО ) ,2
"Внутри отрасли рассматриваю, необходимо время ""обнулиться"" (21 год работы в отрасли не отпускают)",1
"Рассматриваю вариант перевестись внутри отрасли, но не рассматриваю вариант остаться работать в АО ""СХК"" ",0
см следующий ответ,0
Не исключаются варианты в будущем вернуться в отрасль. Сейчас необходимо время на решение личных и семейных проблем.,1
"готова вернутся на интересный проект, с обязанностями в которых я максимально буду полезна компании",1
"Нет только потому, что имею на руках оффер другой компании. Так бы перевёлся, если бы была подходящая вакансия.",0
"если передложат, хотя врядли предложат, везде необходимо знакомство и блат и тд ит п.",2
"Хотела бы остаться в компании, но нахожусь на испытательном сроке. Компания не даёт возможность перевода в другое подразделение, поступают только предложения уволиться оставив семью не полного состава без работы! ",2
"На сегодняшний день - нет, но на будущее вполне да.",1
"Если бы предложили какое либо место до момента моего увольнения остался бы, но на данный момент я уже нашел работу.",0
Может быть когда-нибудь,0
В данный момент нет.,0
РАСУ необходимо развивать реальные и практические компетенции архитектора и интегратора АСУ ТП. Необходимо ,2
"За 2 недели от руководства не было обратной связи и не поступило никаких предложений, поэтому только утвердился в правильности своего решения.",0
"Может быть позднее решу вернуться, но пока хочу поработать в других направлениях",0
Отрасль обманывает.,2
"«Укажите причины, по которым Вы не хотите остаться в отрасли». Это нужно для того, чтобы сохранить структуру файла.",0
"На данный момент, нет",0
"Карьерный портал используется только для размещения объявлений. На отклики отвечают еденицы, в основном отклик висит пока вакансия не перейдет в разряд архивных.",2
"Бюрократия, особенно проведение закупок. Перекладывание ответственности.",2
нет комментариев.,0
"На данный момент нет, так как получил оффер от компании из вне",0
Уже согласилась на работу в другой компании,0
- ,0
"Варианты всегда можно найти. Я подходил к руководству в середине августа. За почти 2 мес никаких вариантов мне не было предложено. Получается, что заинтересованности руководства меня удержать внутри компании/отрасли нет.",0
"Да, хотелось бы остаться или перевестись внутри отрасли, но в момент получения предложения о работе от другого работодателя и написании заявления на увольнение, увы, пути назад нет.",1
Мне никаких предложений не поступало.,0
"Да, возможно, я бы остался в компании, если бы...",1
"Я открыт к предложениям, но пока не уверен.",0
"Не исключаю, что в будущем я вернусь в отрасль.",1
"Если бы условия были более благоприятны, я бы рассмотрел этот вариант.",1
Всегда приятно оставаться в ознакомленной среде.,1
"При наличии подходящей вакансии, я бы остался.",1
"Рассматриваю все варианты, включая и переход внутрь отрасли.",1
Не исключаю переход в другую компанию внутри отрасли.,1
"В зависимости от предложения, возможно, я бы остался.",1
"Если условия будут лучше, чем сейчас, я бы остался.",1
"Если бы была возможность развиваться внутри отрасли, я бы остался.",1
"Пока не решил, но открыт к предложениям.",1
Рассматриваю варианты перевода внутри отрасли.,1
"Если бы была возможность работать удаленно, я бы остался.",1
Я готов обсудить возможности перевода внутри отрасли.,1
"Возможно, я вернусь в отрасль в будущем.",1
Я готов рассмотреть вакансии внутри отрасли.,1
Я не исключаю возможность перехода в другую компанию внутри отрасли.,1
При наличии интересного проекта я бы остался.,1
При более выгодных условиях я бы остался.,1
Я готов рассмотреть предложения о переводе внутри отрасли.,0
"Если бы была возможность получать более высокую зарплату, я бы остался.",1
"Если бы условия работы были более комфортными, я бы остался.",1
"Если бы у меня была возможность работать с более интересной командой, я бы остался.",1
Я открыт для предложений о переводе внутри отрасли.,0
"Если бы была возможность работать над более интересными проектами, я бы остался.",1
Я не исключаю возможности перехода в другую организацию внутри отрасли.,0
"Если бы была возможность получать более высокую зарплату и иметь более гибкий график работы, я бы остался.",1
"Я готов рассмотреть вакансии внутри отрасли, если они будут соответствовать моим требованиям.",0
"Я готов рассмотреть вакансии внутри отрасли, но только при условии более высокой зарплаты и более интересных задач.",1
"Нет, у меня уже есть другие планы.",2
"Нет, я хочу сменить отрасль.",2
"Нет, я не вижу себя в этой компании.",2
"Нет, я уже нашел другую работу.",2
"Нет, у меня есть более интересное предложение.",2
"Нет, я не верю в будущее этой компании.",2
"Нет, я не уверен, что могу оставаться в этой отрасли.",2
"Нет, я хочу попробовать себя в чем-то новом.",2
"Нет, я не вижу себя в этой отрасли.",2
"Нет, я уже принял решение уйти.",2
"Нет, меня не устраивают условия работы в этой отрасли.",2
"Нет, у меня есть личная причина, по которой я не могу остаться.",2
"Нет, я уже нашел другую работу, которая более соответствует моим целям.",2
"Нет, я не вижу перспектив для себя в этой отрасли.",2
"Нет, меня не устраивает корпоративная культура этой отрасли.",2
"Нет, я не хочу работать в этой компании больше.",2
"Нет, я уже решил сменить сферу деятельности.",2
"Нет, у меня есть более выгодное предложение от другой компании.",2
"Нет, у меня есть личные обстоятельства, которые не позволяют мне остаться.",2
"Нет, я не верю, что я могу реализовать свой потенциал в этой отрасли.",2
"Да, но только при условии более высокой зарплаты.",1
"Да, но только если будет возможность работать удаленно.",1
"Да, но только если будет предложена более интересная должность.",1
"Да, но только если улучшатся условия работы.",1
"Да, но только если изменится корпоративная культура компании.",1
"Да, но только если будут предложены программы обучения и развития.",1
"Да, но только если у меня будет возможность реализовать свой потенциал.",1
"Да, но только если будет предложена более комфортная атмосфера в коллективе.",1
"Да, но только если будет предложена более справедливая система оценки и премирования.",1
"Да, но только если будет предложена более гибкая система планирования работы.",1
"Да, но только если будет предложена возможность работать над более интересными проектами.",1
"Да, но только если будет предложена возможность получать более высокую зарплату и иметь более гибкий график работы.",1
"Да, но только если будет предложена возможность работать в более динамичной среде и с более амбициозной командой.",1
"Да, но только если будет предложена возможность работать в более комфортных условиях труда.",1
"Да, но только если будет предложена возможность работать в более инновационной компании.",1
"Да, но только если будет предложена возможность работать с более интересным функционалом.",1
"Да, но только если будет предложена возможность работать в более сплоченном коллективе.",1
"Да, но только если будет предложена возможность работать с более опытной и компетентной командой.",1
"Не знаю, все зависит от предложения.",0
"Сложно сказать, я еще не решил.",0
Все будет зависеть от конкретного предложения.,0
"Я готов рассмотреть предложения, но сейчас у меня нет ясного понимания.",0
"Я еще не принял решение, но я открыт к предложениям.",0
Все зависит от конкретных условий и предложений.,0
Я не могу дать однозначный ответ сейчас.,0
"Я готов обсудить это с руководством, но сейчас у меня нет ясного понимания.",0
"Я готов рассмотреть предложения о переводе внутрь отрасли, но сейчас у меня нет ясного понимания.",0
"Я готов рассмотреть возможность остаться в компании/отрасли, но сейчас у меня нет ясного понимания.",0
"Я готов рассмотреть возможность перехода в другую компанию внутри отрасли, но сейчас у меня нет ясного понимания.",0
Я ищу возможности остаться в отрасли.,0
Я рассматриваю вакансии в других компаниях отрасли.,0
Я ищу подходящую работу в отрасли.,0
Я ищу вакансии с более высокой зарплатой и более интересными задачами.,1
Я ищу работу с более комфортными условиями труда.,1
Я ищу работу с более гибким графиком работы.,1
Я ищу работу с более справедливой системой оценки и премирования.,1
Я ищу работу с более прозрачной системой принятия решений.,1
Я ищу работу с более высоким уровнем самостоятельности и принятия решений.,1
Я ищу работу с более интересными проектами.,1
"Да, я рассматриваю возможность остаться в компании, но только при условии более высокой зарплаты и более интересных задач.",1
"Я открыт к предложениям о переводе внутри отрасли, но только если они будут соответствовать моим требованиям к уровню заработной платы, функционалу и условиям труда.",1
"Я готов рассмотреть возможность остаться в компании, если будет предложена более комфортная атмосфера в коллективе и более прозрачная система принятия решений.",1
"Я готов рассмотреть возможность перехода в другую компанию внутри отрасли, но только если она будет более инновационной и с более динамичной средой работы.",1
"Я готов рассмотреть возможность остаться в отрасли, но только если будет предложена возможность работать с более опытной и компетентной командой.",1
"Нет, я уже набрался достаточно опыта в этой отрасли и хочу сменить сферу деятельности.",2
"Нет, я не вижу себя в этой отрасли в будущем. Слишком много бюрократии, непрозрачной системы и некомфортной атмосферы.",2
"Нет, меня не устраивает уровень зарплаты и отсутствие профессионального роста в этой отрасли.",2
"Нет, у меня уже был негативный опыт работы в этой отрасли, и я не хочу повторять его.",2
"Да, я готов рассмотреть возможность остаться в отрасли, но только при условии изменения некоторых аспектов работы.",1
"Я открыт к новым возможностям и готов рассмотреть варианты как внутри отрасли, так и за ее пределами.",0
"Я верю, что в будущем я смогу найти более интересную и перспективную работу, как внутри отрасли, так и за ее пределами.",0
"Я еще не решил, что буду делать дальше.",0
Я нахожусь в процессе поиска новой работы и еще не принял окончательное решение.,0
Я не могу дать однозначный ответ на этот вопрос сейчас. Мне нужно время подумать и взвесить все за и против.,0
"Я понимаю, что мне нужно сменить сферу деятельности или компанию, чтобы продвигаться дальше.",2
"Я не могу оставаться на текущем месте работы, так как меня не устраивают условия труда и отсутствие профессионального роста.",2
"Я хочу найти работу, которая будет более соответствовать моим амбициям и стремлениям.",1
"Я готов сменить отрасль, если будет предложено более интересное и перспективное место работы.",1
"Я не исключаю возможность перехода в другую отрасль, если она будет более соответствовать моим профессиональным целям.",1
"Я открыт к предложениям о работе в других отраслях, если они будут более соответствовать моим требованиям.",1
"Нет, я не хочу оставаться в этой компании, меня не устраивают условия труда и отношение руководства.",2
"Нет, я уже решил уйти из этой компании, меня не устраивает атмосфера в коллективе и отсутствие профессионального роста.",2
"Нет, я уже нашел другую работу, которая более соответствует моим требованиям.",2
"Нет, я не хочу работать в этой отрасли больше.",2
Я не вижу себя в этой отрасли в будущем.,2
Я устал от этой отрасли и хочу сменить сферу деятельности.,2
"Я понимаю, что мне нужно что-то менять в своей жизни и карьере.",0
Я не могу оставаться на текущем месте работы и мне нужно найти что-то новое.,2
"Я хочу найти работу, которая будет более соответствовать моим амбициям и стремлениям.",1
"Я открыт к новым возможностям и готов рассмотреть варианты как внутри отрасли, так и за ее пределами.",1
"Я верю, что в будущем я смогу найти более интересную и перспективную работу.",1
"Я еще не решил, что буду делать дальше.",0
Я нахожусь в процессе поиска новой работы и еще не принял окончательное решение.,0
Я не могу дать однозначный ответ на этот вопрос сейчас. Мне нужно время подумать и взвесить все за и против.,0
"Я готов остаться в отрасли, но только при условии, что компания изменит свою политику в отношении к сотрудникам.",1
"Я готов вернуться в отрасль, но только если будет предложена более комфортная атмосфера в коллективе и более справедливая система оценки и премирования.",1
Я не хочу комментировать этот вопрос.,2
Я не готов обсуждать это.,2
Нет комментариев.,2
"Я не знаю, что будет дальше.",0
"Я не могу сказать с уверенностью, что буду делать в будущем.",0
"Я открыт к возможностям, но у меня нет конкретного плана.",0
Я хочу попробовать себя в чем-то новом.,1
Я не исключаю возможность смены сферы деятельности.,0
"Я хочу найти работу, которая будет более соответствовать моим интересам.",1
Я устал от этой компании и хочу сменить место работы.,2
Я не вижу себя в этой компании в будущем.,2
Я не хочу работать в этой компании больше.,2
Я готов к переменам и открыт к новым возможностям.,1
"Я хочу найти работу, которая будет более соответствовать моим целям.",1
"Я уверен, что в будущем я смогу найти более интересную и перспективную работу.",1
Я не вижу себя на текущем месте работы в будущем.,2
Я устал от этой работы и хочу сменить сферу деятельности.,2
"Я хочу найти работу, которая будет более соответствовать моим амбициям и стремлениям.",1
"Я готов остаться в компании, но только при условии, что компания изменит свою политику в отношении к сотрудникам.",1
"Я готов вернуться в отрасль, но только если будет предложена более комфортная атмосфера в коллективе и более справедливая система оценки и премирования.",1
"Нет, я не хочу оставаться в этой компании, меня не устраивает стиль руководства.",2
"Нет, я не вижу себя в этой компании в будущем. Я устал от некомфортной атмосферы и отсутствия доверия к руководству.",2
"Нет, меня не устраивает уровень зарплаты и отсутствие профессионального роста в этой отрасли.",2
"Я не вижу себя в этой отрасли в будущем. Слишком много бюрократии, непрозрачной системы и некомфортной атмосферы.",2
Я готов к переменам и открыт к новым возможностям.,1
"Я хочу найти работу, которая будет более соответствовать моим целям.",1
"Я уверен, что в будущем я смогу найти более интересную и перспективную работу.",1
"Я готов сменить компанию, если будет предложено более интересное и перспективное место работы.",1
"Я не исключаю возможность перехода в другую компанию, если она будет более соответствовать моим профессиональным целям.",0
"Я открыт к предложениям о работе в других компаниях, если они будут более соответствовать моим требованиям.",1
"Я готов сменить отрасль, если будет предложено более интересное и перспективное место работы.",1
"Я не исключаю возможность перехода в другую отрасль, если она будет более соответствовать моим профессиональным целям.",0
"Я открыт к предложениям о работе в других отраслях, если они будут более соответствовать моим требованиям.",1
"Я понимаю, что мне нужно что-то менять в своей жизни и карьере.",1
Я не могу оставаться на текущем месте работы и мне нужно найти что-то новое.,2
"Я хочу найти работу, которая будет более соответствовать моим амбициям и стремлениям.",1
Я устал от этой компании и хочу сменить место работы.,2
Я не вижу себя в этой компании в будущем.,2
Я не хочу работать в этой компании больше.,2
Я готов к переменам и открыт к новым возможностям.,1
"Я хочу найти работу, которая будет более соответствовать моим целям.",1
"Я уверен, что в будущем я смогу найти более интересную и перспективную работу.",1
"Я готов сменить компанию, если будет предложено более интересное и перспективное место работы.",1
"Я не исключаю возможность перехода в другую компанию, если она будет более соответствовать моим профессиональным целям.",0
"Я открыт к предложениям о работе в других компаниях, если они будут более соответствовать моим требованиям.",1
"Я готов сменить отрасль, если будет предложено более интересное и перспективное место работы.",1
"Я не исключаю возможность перехода в другую отрасль, если она будет более соответствовать моим профессиональным целям.",0
"Я открыт к предложениям о работе в других отраслях, если они будут более соответствовать моим требованиям.",1
"Я понимаю, что мне нужно что-то менять в своей жизни и карьере.",1
Я не могу оставаться на текущем месте работы и мне нужно найти что-то новое.,2
"Я хочу найти работу, которая будет более соответствовать моим амбициям и стремлениям.",1
Я устал от этой компании и хочу сменить место работы.,2
Я не вижу себя в этой компании в будущем.,2
Я не хочу работать в этой компании больше.,2
Я готов к переменам и открыт к новым возможностям.,1
"Я хочу найти работу, которая будет более соответствовать моим целям.",1
"Я уверен, что в будущем я смогу найти более интересную и перспективную работу.",1
"Я готов сменить компанию, если будет предложено более интересное и перспективное место работы.",1
"Я не исключаю возможность перехода в другую компанию, если она будет более соответствовать моим профессиональным целям.",0
"Я открыт к предложениям о работе в других компаниях, если они будут более соответствовать моим требованиям.",1
"Я готов сменить отрасль, если будет предложено более интересное и перспективное место работы.",1
"Я не исключаю возможность перехода в другую отрасль, если она будет более соответствовать моим профессиональным целям.",0
"Я открыт к предложениям о работе в других отраслях, если они будут более соответствовать моим требованиям.",1
"Я понимаю, что мне нужно что-то менять в своей жизни и карьере.",1
Я не могу оставаться на текущем месте работы и мне нужно найти что-то новое.,2
"Я хочу найти работу, которая будет более соответствовать моим амбициям и стремлениям.",1
Я устал от этой компании и хочу сменить место работы.,2
Я не вижу себя в этой компании в будущем.,2
Я не хочу работать в этой компании больше.,2
Я готов к переменам и открыт к новым возможностям.,1
"Я хочу найти работу, которая будет более соответствовать моим целям.",1
"Я уверен, что в будущем я смогу найти более интересную и перспективную работу.",1
"Я готов сменить компанию, если будет предложено более интересное и перспективное место работы.",1
"Я не исключаю возможность перехода в другую компанию, если она будет более соответствовать моим профессиональным целям.",0
"Я открыт к предложениям о работе в других компаниях, если они будут более соответствовать моим требованиям.",1
"Я готов сменить отрасль, если будет предложено более интересное и перспективное место работы.",1
"Я не исключаю возможность перехода в другую отрасль, если она будет более соответствовать моим профессиональным целям.",0
"Я открыт к предложениям о работе в других отраслях, если они будут более соответствовать моим требованиям.",1
"Я понимаю, что мне нужно что-то менять в своей жизни и карьере.",1
Я не могу оставаться на текущем месте работы и мне нужно найти что-то новое.,2
"Я хочу найти работу, которая будет более соответствовать моим амбициям и стремлениям.",1
Я устал от этой компании и хочу сменить место работы.,2
Я не вижу себя в этой компании в будущем.,2
Я не хочу работать в этой компании больше.,2
Я готов к переменам и открыт к новым возможностям.,1
"Я хочу найти работу, которая будет более соответствовать моим целям.",1
"Я уверен, что в будущем я смогу найти более интересную и перспективную работу.",1
"Я готов сменить компанию, если будет предложено более интересное и перспективное место работы.",1
"Я не исключаю возможность перехода в другую компанию, если она будет более соответствовать моим профессиональным целям.",0
"Я открыт к предложениям о работе в других компаниях, если они будут более соответствовать моим требованиям.",1
"Я готов сменить отрасль, если будет предложено более интересное и перспективное место работы.",1
"Я не исключаю возможность перехода в другую отрасль, если она будет более соответствовать моим профессиональным целям.",0
"Я открыт к предложениям о работе в других отраслях, если они будут более соответствовать моим требованиям.",1
"Я понимаю, что мне нужно что-то менять в своей жизни и карьере.",1
Я не могу оставаться на текущем месте работы и мне нужно найти что-то новое.,2
"Да, но только если будет возможность работать удаленно.",1
"Да, но только если будет предложена более высокая зарплата.",1
"Да, но только если будет возможность перейти в другой отдел с более интересным функционалом.",1
"Да, но только если будет возможность получить профессиональное развитие в рамках отрасли.",1
"Возможно, но только при изменении атмосферы в коллективе.",1
"Рассматриваю перевод, но только при условии более высокой ответственности.",1
"Не исключаю возвращение, но только при изменении стиля управления.",1
"Рассматриваю варианты, но только с возможностью повышения в должности.",1
"Я готов рассмотреть предложения, но только если они будут соответствовать моим целям.",1
"Рассматриваю перевод, но только если условия будут значительно лучше.",1
"Я готов рассмотреть возможность остаться, но только при условии увеличения зарплаты.",1
"Я готов рассмотреть переход внутрь отрасли, но только при условии более интересной работы.",1
"Да, но только при условии более справедливой системы оценки и премирования.",1
"Да, но только если будет предложена возможность работать с более опытной и компетентной командой.",1
"Да, но только при условии более комфортных условий труда.",1
"Да, но только при условии более прозрачной системы принятия решений.",1
"Да, но только при условии более высокого уровня самостоятельности и принятия решений.",1
"Да, но только при условии более интересных проектов.",1
"Да, но только если будет предложена возможность работать в более динамичной среде и с более амбициозной командой.",1
"Да, но только если будет предложена возможность получать более высокую зарплату и иметь более гибкий график работы.",1
"Да, но только если будет предложена возможность работать в более комфортных условиях труда.",1
"Да, но только если будет предложена возможность работать в более инновационной компании.",1
"Да, но только если будет предложена возможность работать с более интересным функционалом.",1
"Да, но только если будет предложена возможность работать в более сплоченном коллективе.",1
"Да, но только если будет предложена возможность работать с более опытной и компетентной командой.",1
"Не исключаю, но только при серьезном пересмотре условий работы.",1
"Вполне вероятно, но только при изменении стиля руководства.",1
"Рассматриваю, но только если будет предложена возможность реализовать свои амбиции.",1
"Не исключаю, но только если будет предложена возможность пройти обучение и развить новые навыки.",1
"Вполне вероятно, но только если будет предложена возможность работать в более инновационной сфере.",1
"Рассматриваю, но только если будет предложена возможность работать с более профессиональной командой.",1
"Не исключаю, но только если будет предложена более справедливая система оценки.",1
"Вполне вероятно, но только если будет предложена более высокая зарплата и возможность для роста.",1
"Рассматриваю, но только если будет предложена более гибкая система планирования работы.",1
"Не исключаю, но только если будут предложены более комфортные условия труда.",1
"Вполне вероятно, но только если будет предложена возможность работать в более динамичной среде.",1
"Рассматриваю, но только если будет предложена возможность работать в более соответствующей отрасли.",1
"Не исключаю, но только если будет предложена более высокая ответственность.",1
"Вполне вероятно, но только если будет предложена возможность работать в более дружелюбной атмосфере.",1
"Рассматриваю, но только если будет предложена возможность работать в более соответствующей компании.",1
"Нет, меня не устраивает уровень заработной платы в отрасли.",2
"Нет, я уже принял решение сменить сферу деятельности.",2
"Нет, я не вижу себя в этой компании/отрасли в будущем.",2
"Нет, я уже нашел другую работу, которая более соответствует моим целям.",2
"Нет, меня не устраивают условия работы в отрасли.",2
"Нет, у меня есть личные обстоятельства, которые не позволяют мне остаться.",2
"Нет, я уже решил уйти и не хочу менять свое решение.",2
"Нет, меня не устраивает корпоративная культура этой компании/отрасли.",2
"Нет, я уже нашел более интересную работу в другой компании.",2
"Нет, у меня есть более выгодное предложение от другой компании.",2
"Нет, я уже решил уйти и искать работу в другой отрасли.",2
"Нет, меня не устраивают perspectives для профессионального развития в этой отрасли.",2
"Нет, я не верю, что я могу реализовать свой потенциал в этой компании/отрасли.",2
"Не знаю, все зависит от предложения.",0
"Сложно сказать, я еще не решил.",0
Все будет зависеть от конкретного предложения.,0
"Я готов рассмотреть предложения, но сейчас у меня нет ясного понимания.",0
"Я еще не принял решение, но я открыт к предложениям.",0
Все зависит от конкретных условий и предложений.,0
Я не могу дать однозначный ответ сейчас.,0
"Я готов обсудить это с руководством, но сейчас у меня нет ясного понимания.",0
"Я готов рассмотреть предложения о переводе внутрь отрасли, но сейчас у меня нет ясного понимания.",0
"Я готов рассмотреть возможность остаться в компании/отрасли, но сейчас у меня нет ясного понимания.",0
"Я готов рассмотреть возможность перехода в другую компанию внутри отрасли, но сейчас у меня нет ясного понимания.",0
Я ищу возможности остаться в отрасли.,0
Я рассматриваю вакансии в других компаниях отрасли.,0
Я ищу подходящую работу в отрасли.,0
Я ищу вакансии с более высокой зарплатой и более интересными задачами.,1
Я ищу работу с более комфортными условиями труда.,1
Я ищу работу с более гибким графиком работы.,1
Я ищу работу с более справедливой системой оценки и премирования.,1
Я ищу работу с более прозрачной системой принятия решений.,1
Я ищу работу с более высоким уровнем самостоятельности и принятия решений.,1
Я ищу работу с более интересными проектами.,1
"Не хочу, но готов рассмотреть предложение с очень высокой зарплатой.",1
"Не планирую, но могу изменить свое решение, если условия будут идеальными.",1
"Вряд ли, но если будут предоставлены гарантии устойчивого развития, то возможно.",1
"Не хочу, но готов к переговорам, если будет предложено что-то действительно интересное.",1
"Не планирую, но могу изменить свое решение, если компания изменит свою политику.",1
"Вряд ли, но могу остаться, если будет предложена возможность работать с более сильной командой.",1
"Не хочу, но готов рассмотреть предложение, если будет предложена возможность работать с более комфортным графиком.",1
"Возможно, но не сейчас. Я хочу попробовать что-то новое.",1
"Я не исключаю возможность перехода внутри отрасли в будущем, но сейчас у меня нет таких планов.",0
"Не исключаю, но только после того, как я получу необходимый опыт и развитие в новой сфере.",1
"Пока не решил(а), я еще в процессе раздумий.",0
"Я еще думаю, у меня нет однозначного ответа.",0
"Не могу сказать с уверенностью, все зависит от обстоятельств.",0
Я еще не определился(лась) с дальнейшими планами.,0
Я нахожусь в процессе поиска информации и анализа своих возможностей.,0
"Я не знаю, я не получал(а) никаких предложений о переводе.",0
У меня нет информации о таких возможностях.,0
"Я не могу ответить на этот вопрос, так как у меня нет достаточно информации.",0
Я хочу попробовать работать в другой компании и получить новый опыт.,1
"Я хочу искать работу, которая будет более соответствовать моим амбициям и стремлениям.",1
Я хочу исследовать новые возможности и получить новый опыт.,1
"Нет, меня не устраивают условия работы в этой компании.",2
"Нет, меня не устраивает отсутствие гибкого графика и возможности работать удаленно.",2
"Нет, меня не устраивает отсутствие профессионального роста в этой компании.",2
"Нет, меня не устраивает некомфортная атмосфера в коллективе.",2
"Нет, меня не устраивает стиль руководства в этой компании.",2
Я устал от этой компании и хочу сменить место работы.,2
Я не вижу себя в этой компании в будущем.,2
Я не хочу работать в этой компании больше.,2
"Я готов сменить отрасль, если будет предложено более интересное и перспективное место работы.",1
"Я не исключаю возможность перехода в другую отрасль, если она будет более соответствовать моим профессиональным целям.",1
"Я открыт к предложениям о работе в других отраслях, если они будут более соответствовать моим требованиям.",1
"Я понимаю, что мне нужно что-то менять в своей жизни и карьере.",1
Я не могу оставаться на текущем месте работы и мне нужно найти что-то новое.,1
"Я хочу найти работу, которая будет более соответствовать моим амбициям и стремлениям.",1
"Нет, я не хочу оставаться в этой компании, меня не устраивает стиль руководства.",2
"Нет, я не вижу себя в этой компании в будущем. Я устал от некомфортной атмосферы и отсутствия доверия к руководству.",2
"Нет, меня не устраивает уровень зарплаты и отсутствие профессионального роста в этой отрасли.",2
"Я не вижу себя в этой отрасли в будущем. Слишком много бюрократии, непрозрачной системы и некомфортной атмосферы.",2
Я готов к переменам и открыт к новым возможностям.,1
"Я хочу найти работу, которая будет более соответствовать моим целям.",1
"Я уверен, что в будущем я смогу найти более интересную и перспективную работу.",1
"Я готов сменить компанию, если будет предложено более интересное и перспективное место работы.",1
"Я не исключаю возможность перехода в другую компанию, если она будет более соответствовать моим профессиональным целям.",1
"Я открыт к предложениям о работе в других компаниях, если они будут более соответствовать моим требованиям.",1
"Я готов сменить отрасль, если будет предложено более интересное и перспективное место работы.",1
"Я не исключаю возможность перехода в другую отрасль, если она будет более соответствовать моим профессиональным целям.",1
"Я открыт к предложениям о работе в других отраслях, если они будут более соответствовать моим требованиям.",1
"Я понимаю, что мне нужно что-то менять в своей жизни и карьере.",1
Я не могу оставаться на текущем месте работы и мне нужно найти что-то новое.,1
"Я хочу найти работу, которая будет более соответствовать моим амбициям и стремлениям.",1
Я устал от этой компании и хочу сменить место работы.,2
Я не вижу себя в этой компании в будущем.,2
Я не хочу работать в этой компании больше.,2
Я готов к переменам и открыт к новым возможностям.,1
"Я хочу найти работу, которая будет более соответствовать моим целям.",1
"Я уверен, что в будущем я смогу найти более интересную и перспективную работу.",1
"Я готов сменить компанию, если будет предложено более интересное и перспективное место работы.",1
"Я не исключаю возможность перехода в другую компанию, если она будет более соответствовать моим профессиональным целям.",1
"Я открыт к предложениям о работе в других компаниях, если они будут более соответствовать моим требованиям.",1
"Я готов сменить отрасль, если будет предложено более интересное и перспективное место работы.",1
"Я не исключаю возможность перехода в другую отрасль, если она будет более соответствовать моим профессиональным целям.",1
"Я открыт к предложениям о работе в других отраслях, если они будут более соответствовать моим требованиям.",1
"Я понимаю, что мне нужно что-то менять в своей жизни и карьере.",1
Я не могу оставаться на текущем месте работы и мне нужно найти что-то новое.,1
"Я хочу найти работу, которая будет более соответствовать моим амбициям и стремлениям.",1
Я устал от этой компании и хочу сменить место работы.,2
Я не вижу себя в этой компании в будущем.,2
Я не хочу работать в этой компании больше.,2
Я готов к переменам и открыт к новым возможностям.,1
"Я хочу найти работу, которая будет более соответствовать моим целям.",1
"Я уверен, что в будущем я смогу найти более интересную и перспективную работу.",1
"Я готов сменить компанию, если будет предложено более интересное и перспективное место работы.",1
"Я не исключаю возможность перехода в другую компанию, если она будет более соответствовать моим профессиональным целям.",1
"Я открыт к предложениям о работе в других компаниях, если они будут более соответствовать моим требованиям.",1
"Я готов сменить отрасль, если будет предложено более интересное и перспективное место работы.",1
"Я не исключаю возможность перехода в другую отрасль, если она будет более соответствовать моим профессиональным целям.",1
"Я открыт к предложениям о работе в других отраслях, если они будут более соответствовать моим требованиям.",1
"Я понимаю, что мне нужно что-то менять в своей жизни и карьере.",1
Я не могу оставаться на текущем месте работы и мне нужно найти что-то новое.,2
"Я хочу найти работу, которая будет более соответствовать моим амбициям и стремлениям.",1
Я устал от этой компании и хочу сменить место работы.,2
Я не вижу себя в этой компании в будущем.,2
Я не хочу работать в этой компании больше.,2
Я готов к переменам и открыт к новым возможностям.,1
"Я хочу найти работу, которая будет более соответствовать моим целям.",1
"Я уверен, что в будущем я смогу найти более интересную и перспективную работу.",1
"Я готов сменить компанию, если будет предложено более интересное и перспективное место работы.",1
"Я не исключаю возможность перехода в другую компанию, если она будет более соответствовать моим профессиональным целям.",1
"Я открыт к предложениям о работе в других компаниях, если они будут более соответствовать моим требованиям.",1
"Я готов сменить отрасль, если будет предложено более интересное и перспективное место работы.",1
"Я не исключаю возможность перехода в другую отрасль, если она будет более соответствовать моим профессиональным целям.",1
"Я открыт к предложениям о работе в других отраслях, если они будут более соответствовать моим требованиям.",1
"Я понимаю, что мне нужно что-то менять в своей жизни и карьере.",1
Я не могу оставаться на текущем месте работы и мне нужно найти что-то новое.,2
"Я хочу найти работу, которая будет более соответствовать моим амбициям и стремлениям.",1
Я устал от этой компании и хочу сменить место работы.,2
Я не вижу себя в этой компании в будущем.,2
Я не хочу работать в этой компании больше.,2
Я готов к переменам и открыт к новым возможностям.,1
"Я хочу найти работу, которая будет более соответствовать моим целям.",1
"Я уверен, что в будущем я смогу найти более интересную и перспективную работу.",1
"Я готов сменить компанию, если будет предложено более интересное и перспективное место работы.",1
"Я не исключаю возможность перехода в другую компанию, если она будет более соответствовать моим профессиональным целям.",1
"Я открыт к предложениям о работе в других компаниях, если они будут более соответствовать моим требованиям.",1
"Я готов сменить отрасль, если будет предложено более интересное и перспективное место работы.",1
"Я не исключаю возможность перехода в другую отрасль, если она будет более соответствовать моим профессиональным целям.",1
"Я открыт к предложениям о работе в других отраслях, если они будут более соответствовать моим требованиям.",1